time,elapsedSec,cpuCores,memoryBytes,diskWriteBytesPerSec,netRxBytesPerSec,netTxBytesPerSec,consumerLag
2026-10-07T13:19:55Z,0,0.1681,1103798272.0000,1935824.7261,1025055.7472,1012894.4071,
2026-10-07T13:20:00Z,5,0.0391,1101611008.0000,16188.0395,2092.1199,9738.8760,
2026-10-07T13:20:05Z,10,0.5387,1142706176.0000,10850424.5460,11366575.8034,11138726.7049,
2026-10-07T13:20:10Z,15,0.4968,1121427456.0000,9977073.1146,11974280.1656,11733795.1820,
2026-10-07T13:20:15Z,20,0.1203,1122058240.0000,14296.6841,1325.6682,18321.4322,
2026-10-07T13:20:20Z,25,0.1356,1132699648.0000,14728.0855,630.0947,18925.7210,
2026-10-07T13:20:25Z,30,0.3843,1129676800.0000,13887.3611,10553336.9084,10316120.7430,
2026-10-07T13:20:30Z,35,0.4311,1123876864.0000,12860.2826,11347559.0274,11109804.4811,
2026-10-07T13:20:35Z,40,0.1186,1122787328.0000,10223134.1176,1731057.6486,1711983.5855,
2026-10-07T13:20:40Z,45,0.1136,1122811904.0000,10038512.1294,860.1236,4510.0464,
2026-10-07T13:20:45Z,50,0.1240,1134559232.0000,10526.0667,10440490.2015,10185435.0906,
