time,elapsedSec,cpuCores,memoryBytes,diskWriteBytesPerSec,netRxBytesPerSec,netTxBytesPerSec,queueDepth
2026-10-08T16:36:25Z,0,0.1575,253943808.0000,1010349.2484,1813430.1158,1997069.9807,0.0000
2026-10-08T16:36:30Z,5,0.0628,241885184.0000,944.5405,3003.7049,11338.6728,0.0000
2026-10-08T16:36:35Z,10,0.9991,284053504.0000,258483.4483,22284778.5959,21624763.1632,0.0000
2026-10-08T16:36:40Z,15,1.7825,284016640.0000,667726.3484,44405318.8882,43444822.7735,919.0000
2026-10-08T16:36:45Z,20,1.9926,293040128.0000,737412.7177,46395443.2377,45868503.1762,93.0000
2026-10-08T16:36:50Z,25,1.9855,286179328.0000,678953.9995,46240763.6572,45663014.2054,265.0000
2026-10-08T16:36:55Z,30,1.9864,279089152.0000,881515.4220,46106513.4510,45572834.1499,80.0000
2026-10-08T16:37:00Z,35,1.9912,296185856.0000,703906.9497,46132300.2044,45831070.9627,212.0000
2026-10-08T16:37:05Z,40,1.9928,287739904.0000,690502.4454,46307528.2907,45889247.8693,10.0000
2026-10-08T16:37:10Z,45,1.9920,290844672.0000,883490.4233,46754848.8580,46038543.8871,518.0000
2026-10-08T16:37:15Z,50,1.9944,292745216.0000,621030.2858,46385550.5690,45922475.9545,62.0000
2026-10-08T16:37:20Z,55,1.9950,296120320.0000,531446.7396,46325336.1968,45850462.4288,160.0000
2026-10-08T16:37:25Z,60,1.9912,285261824.0000,704103.7277,46652578.5365,46106426.0722,27.0000
2026-10-08T16:37:30Z,65,1.9914,294141952.0000,795399.9798,47625609.8521,47195811.7885,215.0000
2026-10-08T16:37:35Z,70,1.9944,280965120.0000,727886.5067,46775754.7707,46450588.7190,92.0000
2026-10-08T16:37:40Z,75,1.9904,281628672.0000,632725.9027,46599059.4834,46279253.3704,417.0000
2026-10-08T16:37:45Z,80,1.9883,281206784.0000,660525.7556,46536314.6293,45921732.1309,374.0000
2026-10-08T16:37:50Z,85,1.9891,286277632.0000,644187.3152,46650198.7460,46107392.7150,212.0000
2026-10-08T16:37:55Z,90,1.9876,280838144.0000,765035.9537,46281192.1759,45923843.1871,527.0000
2026-10-08T16:38:00Z,95,1.9866,298782720.0000,826462.7216,46694194.7963,46047798.3309,252.0000
2026-10-08T16:38:05Z,100,1.9878,285839360.0000,608221.7248,46781222.7620,46146928.8193,45.0000
2026-10-08T16:38:10Z,105,1.9863,282161152.0000,707154.2724,46454207.7378,46031518.0011,7.0000
2026-10-08T16:38:15Z,110,1.9878,293011456.0000,678031.1984,46524104.0558,46170757.8163,120.0000
2026-10-08T16:38:20Z,115,1.9877,291655680.0000,559392.4051,46425617.2905,46019706.7299,135.0000
2026-10-08T16:38:25Z,120,1.9897,289128448.0000,678164.3863,47215138.9761,46690432.1896,239.0000
2026-10-08T16:38:30Z,125,1.9897,300855296.0000,687619.5083,46176672.1715,45701660.1078,235.0000
2026-10-08T16:38:35Z,130,1.1978,327159808.0000,891309.7236,27010521.3447,27273565.4571,0.0000
2026-10-08T16:38:40Z,135,0.1926,245071872.0000,498512.9729,7369790.1185,7949935.5292,0.0000
2026-10-08T16:38:45Z,140,0.0637,313020416.0000,393.0902,1039.9598,17821.6867,0.0000
2026-10-08T16:38:50Z,145,0.0568,220172288.0000,426.9335,2619939.7791,2184060.9222,0.0000
2026-10-08T16:38:55Z,150,1.0390,289689600.0000,363929.5789,24238136.8738,23774342.2365,0.0000
2026-10-08T16:39:00Z,155,1.9553,282796032.0000,766424.4590,45766959.9376,45109350.2601,72.0000
2026-10-08T16:39:05Z,160,1.9902,290029568.0000,850411.1577,46149062.4823,45277316.7468,259.0000
2026-10-08T16:39:10Z,165,1.9875,306384896.0000,586481.4391,45900473.5964,45425661.5626,398.0000
2026-10-08T16:39:15Z,170,1.9815,303538176.0000,440092.9250,45762230.5099,45557004.7842,63.0000
2026-10-08T16:39:20Z,175,1.9878,274157568.0000,530567.6912,46204769.0384,45632328.1592,243.0000
2026-10-08T16:39:25Z,180,1.9855,291364864.0000,506398.2495,46614260.0190,45812065.5271,168.0000
2026-10-08T16:39:30Z,185,1.9841,302837760.0000,527737.7049,45898882.7565,45775671.3752,246.0000
2026-10-08T16:39:35Z,190,1.9903,304926720.0000,503328.7144,46120373.2047,45650805.0110,77.0000
2026-10-08T16:39:40Z,195,1.9907,284540928.0000,597132.3599,46648746.0435,45917088.8478,329.0000
2026-10-08T16:39:45Z,200,1.9863,305704960.0000,783231.0672,46032956.9788,45904680.3208,31.0000
2026-10-08T16:39:50Z,205,1.9861,300134400.0000,801868.1415,45973549.3952,45732507.5605,633.0000
2026-10-08T16:39:55Z,210,1.9858,294948864.0000,733505.0401,46571306.1535,45703642.6686,269.0000
2026-10-08T16:40:00Z,215,1.9897,294858752.0000,603442.9583,47414517.3302,46377861.4658,28.0000
2026-10-08T16:40:05Z,220,1.9958,279674880.0000,854125.2900,46565942.4733,46045673.8719,238.0000
2026-10-08T16:40:10Z,225,1.9911,278679552.0000,1021582.3138,46880080.3725,46636548.3349,145.0000
2026-10-08T16:40:15Z,230,1.9837,279724032.0000,778775.0363,45796549.0747,45616342.5868,34.0000
2026-10-08T16:40:20Z,235,1.9830,283484160.0000,733840.1244,46017490.6519,45388368.4007,16.0000
2026-10-08T16:40:25Z,240,1.9835,295665664.0000,679851.0757,46240868.0473,45420357.2590,40.0000
2026-10-08T16:40:30Z,245,1.9833,279490560.0000,664359.2892,46133401.9800,45725327.9749,104.0000
2026-10-08T16:40:35Z,250,1.9860,277340160.0000,792882.1127,46073064.1074,45599214.1641,235.0000
2026-10-08T16:40:40Z,255,1.9880,286224384.0000,703475.4581,46128532.2241,45565008.9205,424.0000
2026-10-08T16:40:45Z,260,1.9914,293986304.0000,604929.9914,46238455.3295,45628056.2804,399.0000
2026-10-08T16:40:50Z,265,1.9920,295604224.0000,750989.6822,44931415.1829,44919035.9030,96.0000
2026-10-08T16:40:55Z,270,1.1221,265248768.0000,1157116.1748,28991392.8045,29238859.8250,0.0000
2026-10-08T16:41:00Z,275,0.1954,247595008.0000,736834.7826,1493.4108,3168.3047,0.0000
2026-10-08T16:41:05Z,280,0.0595,237326336.0000,434.3124,1187.4946,4141.4265,0.0000
2026-10-08T16:41:10Z,285,0.0832,278458368.0000,458.4732,472.9224,4498.7347,0.0000
2026-10-08T16:41:15Z,290,1.0516,293097472.0000,293771.3314,26424721.9333,25322968.5654,0.0000
2026-10-08T16:41:20Z,295,1.9864,290406400.0000,588126.4532,46366050.5363,45239103.2540,96.0000
2026-10-08T16:41:25Z,300,1.9907,361881600.0000,636389.9060,46514923.8487,45935474.2022,106.0000
2026-10-08T16:41:30Z,305,1.9920,289873920.0000,589790.7084,46299424.2608,45892638.8214,18.0000
2026-10-08T16:41:35Z,310,1.9895,282947584.0000,576217.6236,46195758.1295,46139991.2565,442.0000
2026-10-08T16:41:40Z,315,1.9907,288575488.0000,666697.8558,46075458.1635,45770308.9691,152.0000
2026-10-08T16:41:45Z,320,1.9927,291622912.0000,745009.9783,46108862.1882,45467433.4521,241.0000
2026-10-08T16:41:50Z,325,1.9918,283873280.0000,870747.5488,46060097.9209,45463252.1797,375.0000
2026-10-08T16:41:55Z,330,1.9906,278097920.0000,781134.9288,46269399.7828,45751903.2667,39.0000
2026-10-08T16:42:00Z,335,1.9892,286449664.0000,601992.5206,46160131.7013,45805049.5303,22.0000
2026-10-08T16:42:05Z,340,1.9923,282988544.0000,585654.5693,45989562.2049,45596007.3182,390.0000
2026-10-08T16:42:10Z,345,1.9935,296779776.0000,540531.5370,46000863.7438,45501138.3251,339.0000
2026-10-08T16:42:15Z,350,1.9919,287518720.0000,566990.7115,46062071.5719,45595430.8648,21.0000
2026-10-08T16:42:20Z,355,1.9906,287977472.0000,621710.7478,46360338.2749,45754566.6153,40.0000
2026-10-08T16:42:25Z,360,1.9913,270630912.0000,568417.3839,46569150.4711,45869816.2405,3.0000
2026-10-08T16:42:30Z,365,1.9862,299700224.0000,658731.3955,45836039.8289,45234118.5698,285.0000
2026-10-08T16:42:35Z,370,1.9867,282320896.0000,692689.5052,45478628.0975,45204411.2943,181.0000
2026-10-08T16:42:40Z,375,1.9892,280662016.0000,690862.8045,46236144.3191,45853506.7878,79.0000
2026-10-08T16:42:45Z,380,1.9876,292851712.0000,636750.4804,46118906.2535,45586948.9059,130.0000
2026-10-08T16:42:50Z,385,1.9952,350703616.0000,560056.4573,47406126.1049,46915377.3325,114.0000
2026-10-08T16:42:55Z,390,1.9928,296280064.0000,396580.0292,46594577.3581,46143489.5092,55.0000
2026-10-08T16:43:00Z,395,1.9862,302051328.0000,498868.7200,46139551.8522,45667135.1774,51.0000
2026-10-08T16:43:05Z,400,1.9928,290066432.0000,616235.0490,46221029.1702,45775302.1272,49.0000
2026-10-08T16:43:10Z,405,1.8689,283316224.0000,1535781.7003,43469036.5577,43571381.7805,193.0000
