time,onAC,batteryPercent,thermalWarning,performanceWarning,cpuSpeedLimit
2026-10-08T16:00:18.651478Z,true,77,false,false,
2026-10-08T16:00:48.682178Z,true,77,false,false,
2026-10-08T16:01:18.709965Z,true,77,false,false,
2026-10-08T16:01:48.740297Z,true,77,false,false,
2026-10-08T16:02:18.769369Z,true,77,false,false,
2026-10-08T16:02:48.820893Z,true,77,false,false,
2026-10-08T16:03:18.868809Z,true,77,false,false,
2026-10-08T16:03:48.907923Z,true,77,false,false,
2026-10-08T16:04:18.940703Z,true,77,false,false,
2026-10-08T16:04:48.972279Z,true,77,false,false,
2026-10-08T16:05:18.996864Z,true,77,false,false,
2026-10-08T16:05:49.022454Z,true,77,false,false,
2026-10-08T16:06:19.074565Z,true,77,false,false,
2026-10-08T16:06:49.114213Z,true,77,false,false,
2026-10-08T16:07:19.149973Z,true,77,false,false,
2026-10-08T16:07:49.181649Z,true,77,false,false,
2026-10-08T16:08:19.328938Z,true,77,false,false,
2026-10-08T16:08:49.364900Z,true,77,false,false,
2026-10-08T16:09:19.395142Z,true,77,false,false,
2026-10-08T16:09:49.442582Z,true,77,false,false,
2026-10-08T16:10:19.487503Z,true,77,false,false,
2026-10-08T16:10:22.038857Z,true,77,false,false,
