experiment,profile,broker,variable,value,runs,producerMsgPerSec_mean,producerMsgPerSec_median,producerMsgPerSec_stddev,consumerMsgPerSec_mean,consumerMsgPerSec_median,consumerMsgPerSec_stddev,consumerMBPerSec_mean,p50Ms_mean,p95Ms_mean,p99Ms_mean,lostTotal,generatorSaturated,cpuCoresAvg,cpuCoresMax,memoryMaxMB,netRxMBps,netTxMBps,diskWriteMBps
exp2-producer-scaling,full,KAFKA,producers,1,3,61275.167,61389.667,222.262,60932.406,61044.149,217.129,62.395,490.734,599.960,734.353,0,false,1.037,1.130,1159.049,69.429,67.807,63.027
exp2-producer-scaling,full,KAFKA,producers,2,3,78063.278,78338.833,481.613,77347.623,77514.154,431.434,79.204,763.888,1020.439,1145.045,0,false,1.238,1.307,1172.488,87.658,86.142,80.412
exp2-producer-scaling,full,KAFKA,producers,4,3,103817.007,103875.997,153.393,80277.513,80503.977,439.644,82.204,26541.556,31423.726,31736.900,0,false,1.515,1.576,1195.086,116.936,84.227,109.059
exp2-producer-scaling,full,KAFKA,producers,8,3,127774.393,127785.153,568.597,60826.615,59445.943,2557.528,62.286,35970.351,38363.901,39504.751,6910170,false,1.737,1.784,1213.673,144.698,64.529,135.786
exp2-producer-scaling,full,KAFKA,producers,16,3,144615.375,144016.377,2699.637,58466.594,58116.073,986.581,59.870,34337.369,36999.354,37793.475,14495025,false,1.775,1.818,1258.791,169.848,41.883,159.730
exp2-producer-scaling,full,KAFKA,producers,32,3,141018.937,141786.779,5539.715,60116.538,60088.345,233.068,61.559,37703.997,42256.215,44314.220,18261945,false,1.763,1.815,1392.058,183.624,21.928,172.462
exp2-producer-scaling,full,RABBITMQ,producers,1,3,36388.648,36438.878,141.370,36335.537,36388.902,145.332,37.208,133.628,169.389,233.920,0,false,1.963,1.994,379.638,46.449,45.949,0.716
exp2-producer-scaling,full,RABBITMQ,producers,2,3,36388.881,36308.711,165.773,36204.264,36156.145,142.238,37.073,428.431,566.318,803.384,0,false,1.989,1.996,350.704,46.382,45.888,0.674
exp2-producer-scaling,full,RABBITMQ,producers,4,3,37234.730,37766.333,938.661,36772.052,37277.074,943.899,37.655,1112.714,1440.394,1579.155,0,false,1.981,1.995,400.310,46.722,46.313,0.486
exp2-producer-scaling,full,RABBITMQ,producers,8,3,34496.481,34510.511,26.189,33697.498,33717.843,72.816,34.506,2242.555,3066.036,3347.055,0,false,1.951,1.965,444.043,44.218,43.729,0.285
exp2-producer-scaling,full,RABBITMQ,producers,16,3,31127.815,31006.867,211.039,29843.825,29805.543,179.803,30.560,3879.731,6271.883,6748.635,0,false,1.874,2.247,548.667,40.143,39.446,0.251
exp2-producer-scaling,full,RABBITMQ,producers,32,3,27039.011,27050.567,78.915,24652.458,24625.711,174.801,25.244,9189.720,13575.564,14937.315,0,false,1.774,1.793,772.415,34.980,34.294,0.406
