startedAt,scenario,broker,messageSizeBytes,producers,consumers,sent,received,lost,producerMsgPerSec,consumerMsgPerSec,producerMBPerSec,consumerMBPerSec,p50Ms,p95Ms,p99Ms,p999Ms,maxMs
2026-10-01T12:56:17.884408Z,rate-kafka,KAFKA,1024,1,1,110000,110000,0,5000.00,4999.90,5.1200,5.1199,0.679,13.025,47.612,128.254,141.820
2026-10-01T12:56:44.585667Z,rate-rabbitmq,RABBITMQ,1024,1,1,110000,110000,0,5000.00,4999.92,5.1200,5.1199,0.310,0.961,3.879,21.168,27.689
2026-10-01T12:57:21.645093Z,sweep-kafka,KAFKA,1024,1,1,24000,24000,0,2000.00,2000.04,2.0480,2.0480,0.343,1.508,13.664,30.654,38.175
2026-10-01T12:57:39.582268Z,sweep-kafka,KAFKA,1024,1,1,24000,24000,0,2000.03,2000.04,2.0480,2.0480,0.311,0.428,0.856,2.681,6.136
2026-10-01T12:57:57.193683Z,sweep-kafka,KAFKA,1024,1,1,48000,48000,0,4000.00,3999.81,4.0960,4.0958,0.609,1.646,24.101,39.813,44.204
2026-10-01T12:58:14.800626Z,sweep-kafka,KAFKA,1024,1,1,48000,48000,0,4000.00,3999.95,4.0960,4.0960,0.590,0.986,21.725,37.421,45.548
2026-10-01T12:58:30.954667Z,sweep-rabbitmq,RABBITMQ,1024,1,1,24000,24000,0,2000.00,2000.06,2.0480,2.0481,0.255,0.363,0.891,4.223,8.585
2026-10-01T12:58:49.146316Z,sweep-rabbitmq,RABBITMQ,1024,1,1,24000,24000,0,2000.09,2000.04,2.0481,2.0480,0.251,0.358,0.911,2.753,5.177
2026-10-01T12:59:07.246981Z,sweep-rabbitmq,RABBITMQ,1024,1,1,48000,48000,0,4000.06,3999.97,4.0961,4.0960,0.249,0.412,0.977,2.034,4.538
2026-10-01T12:59:25.319430Z,sweep-rabbitmq,RABBITMQ,1024,1,1,48000,48000,0,4000.06,3999.94,4.0961,4.0959,0.251,0.404,0.948,1.833,2.705
2026-10-01T12:59:41.874274Z,smoke-kafka,KAFKA,1024,1,1,10000,10000,0,36722.45,36585.33,37.6038,37.4634,80.806,143.393,148.374,149.160,149.160
2026-10-01T12:59:46.534344Z,smoke-rabbitmq,RABBITMQ,1024,1,1,10000,10000,0,37416.20,24229.32,38.3142,24.8108,71.172,139.067,144.048,145.752,146.014
2026-10-01T14:13:40.841713Z,smoke-kafka,KAFKA,1024,1,1,10000,10000,0,30579.33,30506.91,31.3132,31.2391,112.460,185.467,191.889,192.414,192.414
2026-10-01T14:13:45.547766Z,smoke-rabbitmq,RABBITMQ,1024,1,1,10000,10000,0,38666.96,22898.77,39.5950,23.4483,98.370,169.607,175.899,178.520,178.651
2026-10-01T14:13:50.548405Z,rate-kafka,KAFKA,1024,1,1,110000,110000,0,5000.00,4999.83,5.1200,5.1198,0.648,1.252,22.970,38.601,44.401
